{"H": 8.989999999999999e-05, "He": 0.0001787, "Li": 0.53, "Be": 1.85, "B": 2.34, "C": 2.62, "N": 0.001251, "O": 0.0014290000000000001, "F": 0.001696, "Ne": 0.000901, "Na": 0.97, "Mg": 1.74, "Al": 2.7, "Si": 2.33, "P": 1.82, "S": 2.07, "Cl": 0.00317, "Ar": 0.001784, "K": 0.86, "Ca": 1.55, "Sc": 3.0, "Ti": 4.5, "V": 5.8, "Cr": 7.19, "Mn": 7.43, "Fe": 7.86, "Co": 8.9, "Ni": 8.9, "Cu": 8.96, "Zn": 7.14, "Ga": 5.91, "Ge": 5.32, "As": 5.72, "Se": 4.8, "Br": 0.0031200000000000004, "Kr": 0.0037400000000000003, "Rb": 1.53, "Sr": 2.6, "Y": 4.5, "Zr": 6.49, "Nb": 8.55, "Mo": 10.2, "Tc": 11.5, "Ru": 12.2, "Rh": 12.4, "Pd": 12.0, "Ag": 10.5, "Cd": 8.65, "In": 7.31, "Sn": 7.3, "Sb": 6.68, "Te": 6.24, "I": 4.92, "Xe": 0.005889999999999999, "Cs": 1.87, "Ba": 3.5, "La": 6.7, "Ce": 6.78, "Pr": 6.77, "Nd": 7.0, "Pm": 6.475, "Sm": 7.54, "Eu": 5.26, "Gd": 7.89, "Tb": 8.27, "Dy": 8.54, "Ho": 8.8, "Er": 9.05, "Tm": 9.33, "Yb": 6.98, "Lu": 9.84, "Hf": 13.1, "Ta": 16.6, "W": 19.3, "Re": 21.0, "Os": 22.4, "Ir": 22.5, "Pt": 21.4, "Au": 19.3, "Hg": 13.53, "Tl": 11.85, "Pb": 11.4, "Bi": 9.8, "Po": 9.4, "Rn": 0.00991, "Ra": 5.0, "Ac": 10.07, "Th": 11.7, "Pa": 15.4, "U": 18.9, "Np": 20.4, "Pu": 19.8, "Am": 13.6, "Cm": 13.511}