{"H": 7.08e-05, "He": 0.000122, "Li": 0.533, "Be": 1.845, "B": 2.34, "C": 2.26, "N": 0.0008100000000000001, "O": 0.00114, "F": 0.001108, "Ne": 0.0012070000000000002, "Na": 0.969, "Mg": 1.735, "Al": 2.6941, "Si": 2.32, "P": 1.82, "S": 2.07, "Cl": 0.0015600000000000002, "Ar": 0.0014, "K": 0.86, "Ca": 1.55, "Sc": 2.98, "Ti": 4.53, "V": 6.1, "Cr": 7.18, "Mn": 7.43, "Fe": 7.86, "Co": 8.9, "Ni": 8.876, "Cu": 8.94, "Zn": 7.112, "Ga": 5.877, "Ge": 5.307, "As": 5.72, "Se": 4.78, "Br": 0.00311, "Kr": 0.0026000000000000003, "Rb": 1.529, "Sr": 2.54, "Y": 4.456, "Zr": 6.494, "Nb": 8.55, "Mo": 10.2, "Tc": 11.48, "Ru": 12.39, "Rh": 12.39, "Pd": 12.0, "Ag": 10.48, "Cd": 8.63, "In": 7.3, "Sn": 7.3, "Sb": 6.679, "Te": 6.23, "I": 4.92, "Xe": 0.00352, "Cs": 1.87, "Ba": 3.5, "La": 6.127, "Ce": 6.637, "Pr": 6.761, "Nd": 6.994, "Pm": 7.2, "Sm": 7.51, "Eu": 5.228, "Gd": 7.8772, "Tb": 8.214, "Dy": 8.525, "Ho": 8.769, "Er": 9.039, "Tm": 9.294, "Yb": 6.953, "Lu": 9.811, "Hf": 13.29, "Ta": 16.624, "W": 19.3, "Re": 20.98, "Os": 22.53, "Ir": 22.39, "Pt": 21.41, "Au": 18.85, "Hg": 13.522, "Tl": 11.83, "Pb": 11.33, "Bi": 9.73, "Po": 9.3, "Rn": 0.0044, "Ra": 5.0, "Ac": 10.05, "Th": 11.7, "Pa": 15.34, "U": 18.92, "Np": 20.21, "Pu": 19.8, "Am": 13.64, "Cm": 13.49, "Bk": 14.0}